<?xml version="1.0" encoding="UTF-8"?>
<launch4jConfig>
  <dontWrapJar>false</dontWrapJar>
  <headerType>gui</headerType>
  <jar>C:\Users\Frank\Desktop\Proudly Created By Yours Truly\ToDoList.jar</jar>
  <outfile>C:\Users\Frank\Desktop\Proudly Created By Yours Truly\ToDoList.exe</outfile>
  <errTitle></errTitle>
  <cmdLine></cmdLine>
  <chdir></chdir>
  <priority>normal</priority>
  <downloadUrl>http://java.com/download</downloadUrl>
  <supportUrl></supportUrl>
  <stayAlive>false</stayAlive>
  <restartOnCrash>false</restartOnCrash>
  <manifest></manifest>
  <icon>C:\Users\Frank\workspace\ToDoList\Source\pack1\Resources\ToDoList.ico</icon>
  <singleInstance>
    <mutexName>ToDoListv1.0</mutexName>
    <windowTitle>To Do List</windowTitle>
  </singleInstance>
  <jre>
    <path></path>
    <bundledJre64Bit>false</bundledJre64Bit>
    <bundledJreAsFallback>false</bundledJreAsFallback>
    <minVersion>1.1.0</minVersion>
    <maxVersion></maxVersion>
    <jdkPreference>preferJre</jdkPreference>
    <runtimeBits>64/32</runtimeBits>
  </jre>
  <versionInfo>
    <fileVersion>1.0.1.0</fileVersion>
    <txtFileVersion>1.01.AAA</txtFileVersion>
    <fileDescription>ToDoList executable</fileDescription>
    <copyright>Frank Derry Wanye 2016</copyright>
    <productVersion>1.0.1.0</productVersion>
    <txtProductVersion>1.01.AAA</txtProductVersion>
    <productName>ToDoList</productName>
    <companyName></companyName>
    <internalName>ToDoList</internalName>
    <originalFilename>ToDoList.exe</originalFilename>
  </versionInfo>
</launch4jConfig>